Workbook
Name ACTION: #REF!

Sheet Cover
E2: SYSTEM TEST CASE
B4: Project Name | C4: LAB5 | F4: Creator | G4: Nguyen Tien Dat
B5: Project Code | C5: LAB5 | F5: Reviewer/Approver | G5: Nguyen Tien Dat
B6: Document Code | C6: =C5&"_"&"Test Report"&"_"&"v1" -> LAB5_Test Report_v1 | F6: Issue Date | G6: 27/01/2026
F7: Version | G7: 1
B10: Record of change
B11: Effective Date | C11: Version | D11: Change Item | E11: *A,D,M | F11: Change description | G11: Reference
B12: 46049 | C12: 1.0 | D12: New document | E12: A | F12: Create test document | G12: N/A

Sheet Test Report
B1: TEST REPORT
B3: Project Name | C3: LAB5 | E3: Creator | H3: Nguyen Tien Dat
B4: Project Code | C4: LAB5 | E4: Reviewer/Approver | H4: Nguyen Tien Dat
B5: Document Code | C5: =C4&"_"&"Test Report"&"_"&"v1" -> LAB5_Test Report_v1 | E5: Issue Date | H5: 27/01/2026
B6: Notes | C6: Including 15 functions test
B10: No | C10: Module code | D10: Pass | E10: Fail | F10: Untested | G10: N/A | H10: Number of test cases | I10: % Passed of tests
B11: 1 | C11: =LAB5_BAI1!B2 -> LAB5_BAI1 | D11: =LAB5_BAI1!B6 -> 9 | E11: =LAB5_BAI1!C6 -> 0 | F11: =LAB5_BAI1!E6 -> 0 | G11: =LAB5_BAI1!F6 -> 0 | H11: =LAB5_BAI1!G6 -> 9 | I11: =LAB5_BAI1!A6 -> 1
B12: 2 | C12: =LAB5_BAI2!B2 -> LAB5_BAI2 | D12: =LAB5_BAI2!B6 -> 4 | E12: =LAB5_BAI2!C6 -> 0 | F12: =LAB5_BAI2!E6 -> 0 | G12: =LAB5_BAI2!F6 -> 0 | H12: =LAB5_BAI2!G6 -> 4 | I12: =LAB5_BAI2!A6 -> 1
B13: 3 | C13: =LAB5_BAI3!B2 -> LAB5_BAI3 | D13: =LAB5_BAI3!B6 -> 6 | E13: =LAB5_BAI3!C6 -> 0 | F13: =LAB5_BAI3!E6 -> 0 | G13: =LAB5_BAI3!F6 -> 0 | H13: =LAB5_BAI3!G6 -> 6 | I13: =LAB5_BAI3!A6 -> 1
B14: 4 | C14: =LAB5_BAI4!B2 -> LAB5_BAI4 | D14: =LAB5_BAI4!B6 -> 1 | E14: =LAB5_BAI4!C6 -> 0 | F14: =LAB5_BAI4!D6 -> 0 | G14: =LAB5_BAI4!E6 -> 0 | H14: =LAB5_BAI4!F6 -> 1 | I14: =LAB5_BAI4!A6 -> 0.9
C28: Sub total | D28: =SUM(D11:D27) -> 20 | E28: =SUM(E9:E13) -> 0 | F28: =SUM(F9:F13) -> 0 | G28: =SUM(G9:G13) -> 0 | H28: =SUM(H11:H27) -> 20 | I28: =SUM(I11:I27)/COUNT(I11:I27) -> 0.975
C30: Test coverage | E30: =(D28+E28)*100/(H28-G28) -> 100 | F30: %
C31: Test successful coverage | E31: =D28*100/(H28-G28) -> 100 | F31: %
C32: Test passed percentage | E32: =I28 -> 0.975

Sheet Test case List
D1: TEST CASE LIST
B3: Project Name | D3: =Cover!C4 -> LAB5
B4: Project Code | D4: =Cover!C5 -> LAB5
B5: Test Environment Setup Description | D5: 1. SQLServer 2. JavaJUnit
B8: No | C8: Function Name | D8: Sheet Name | E8: Description | F8: Pre-Condition
B9: 1 | C9: LAB5_BAI1 | D9: LAB5_BAI1
B10: 2 | C10: LAB5_BAI2 | D10: LAB5_BAI2
B11: 3 | C11: LAB5_BAI3 | D11: LAB5_BAI3
B12: 4 | C12: LAB5_BAI4 | D12: LAB5_BAI4
B13: 5 | C13: LAB5_BAI5 | D13: LAB5_BAI5

Sheet LAB5_BAI1
A2: Module Code | B2: LAB5_BAI1 | M2: Pass
A3: Test requirement | M3: Fail
A4: Reference Document | M4: Untesed
A5: % Passed of tests | B5: Pass | C5: Fail | E5: Untested | F5: N/A | G5: Number of Test cases | M5: N/A
A6: =AVERAGE(L:L) -> 1 | B6: =COUNTIF(G10:G995,"Pass") -> 9 | C6: =COUNTIF(G10:G995,"Fail") -> 0 | E6: =G6-F6-C6-B6 -> 0 | F6: =COUNTIF(G10:G995,"N/A") -> 0 | G6: =COUNTA(A10:A995) -> 9
A9: ID | B9: Test Case Description | C9: Test Case Procedure | D9: Test Data | E9: Expected Results | F9: Actual Result | G9: Result | H9: Test date | I9: Tester | J9: Number of tests | K9: Passed | L9: % Passed | M9: Note
A10: =IF(OR(B10<>"",E10<>""),"["&TEXT($B$2,"##")&"-"&TEXT(ROW()-9,"##")&"]","") -> [LAB5_BAI1-1] | B10: Fixture khởi tạo: calls ban đầu = 0 | C10: 1. Tạo đối tượng MathFunc bằng fixture @Before 2. Gọi getCalls() | E10: Trả về 0 | F10: calls = 0 | G10: Pass | H10: 27/01/2026 | I10: Nguyen Tien Dat | J10: 15 | K10: 15 | L10: =K10/J10 -> 1 | M10: Xác nhận fixture tạo object mới mỗi test
A11: =IF(OR(B11<>"",E11<>""),"["&TEXT($B$2,"##")&"-"&TEXT(ROW()-9,"##")&"]","") -> [LAB5_BAI1-2] | B11: factorial(0) trả về 1 | C11: 1. math.factorial(0) | D11: number = 0 | E11: Kết quả = 1 | F11: Trả về 1 | G11: Pass | H11: 27/01/2026 | I11: Nguyen Tien Dat | J11: 15 | K11: 15 | L11: =K11/J11 -> 1 | M11: Biên dưới hợp lệ
A12: =IF(OR(B12<>"",E12<>""),"["&TEXT($B$2,"##")&"-"&TEXT(ROW()-9,"##")&"]","") -> [LAB5_BAI1-3] | B12: factorial(1) trả về 1 | C12: 1. math.factorial(1) | D12: number = 1 | E12: Kết quả = 1 | F12: Trả về 1 | G12: Pass | H12: 27/01/2026 | I12: Nguyen Tien Dat | J12: 15 | K12: 15 | M12: Trường hợp đặc biệt
A13: =IF(OR(B13<>"",E13<>""),"["&TEXT($B$2,"##")&"-"&TEXT(ROW()-9,"##")&"]","") -> [LAB5_BAI1-4] | B13: factorial(5) trả về 120 | C13: 1. math.factorial(5) | D13: number = 5 | E13: Kết quả = 120 | F13: Trả về 120 | G13: Pass | H13: 27/01/2026 | I13: Nguyen Tien Dat | J13: 15 | K13: 15 | L13: =K13/J13 -> 1
A14: =IF(OR(B14<>"",E14<>""),"["&TEXT($B$2,"##")&"-"&TEXT(ROW()-9,"##")&"]","") -> [LAB5_BAI1-5] | B14: factorial(-1) ném exception | C14: 1. Gọi math.factorial(-1) | D14: number = -1 | E14: Ném IllegalArgumentException | F14: Ném IllegalArgumentException | G14: Pass | H14: 27/01/2026 | I14: Nguyen Tien Dat | J14: 15 | K14: 15 | L14: =K14/J14 -> 1 | M14: Trường hợp không hợp lệ
A15: =IF(OR(B15<>"",E15<>""),"["&TEXT($B$2,"##")&"-"&TEXT(ROW()-9,"##")&"]","") -> [LAB5_BAI1-6] | B15: plus(2,3) trả 5 | C15: 1. math.plus(2,3) | D15: num1 = 2 num2 = 3 | E15: Kết quả = 5 | F15: Trả về 5 | G15: Pass | H15: 27/01/2026 | I15: Nguyen Tien Dat | J15: 15 | K15: 15 | L15: =K15/J15 -> 1 | M15: Tổng 2 số dương
A16: =IF(OR(B16<>"",E16<>""),"["&TEXT($B$2,"##")&"-"&TEXT(ROW()-9,"##")&"]","") -> [LAB5_BAI1-7] | B16: plus(-2,3) trả 1 | C16: 1. math.plus(-2,3) | D16: num1 = -2 num2 = 3 | E16: Kết quả = 1 | F16: Trả về 1 | G16: Pass | H16: 27/01/2026 | I16: Nguyen Tien Dat | J16: 15 | K16: 15 | L16: =K16/J16 -> 1 | M16: Tổng có số âm
A17: =IF(OR(B17<>"",E17<>""),"["&TEXT($B$2,"##")&"-"&TEXT(ROW()-9,"##")&"]","") -> [LAB5_BAI1-8] | B17: Kiểm tra calls tăng đúng sau nhiều lần gọi | C17: 1. assert getCalls()==0 2. factorial(1) 3. assert getCalls()==1 4. plus(1,2) 5. assert getCalls()==2 | D17: factorial(1) plus(1,2) | E17: Calls tăng đúng theo số lần gọi method | F17: Calls tăng từ 0 → 1 → 2 | G17: Pass | H17: 27/01/2026 | I17: Nguyen Tien Dat | J17: 15 | K17: 15 | L17: =K17/J17 -> 1 | M17: Tổng có số âm
A18: =IF(OR(B18<>"",E18<>""),"["&TEXT($B$2,"##")&"-"&TEXT(ROW()-9,"##")&"]","") -> [LAB5_BAI1-9] | B18: Test bị bỏ qua với @Ignore | C18: 1. Gắn @Ignore cho test 2. Chạy test suite | D18: plus(1,1) | E18: Test không chạy, được tính “ignored” | F18: Test không được thực thi | G18: Pass | H18: 27/01/2026 | I18: Nguyen Tien Dat | J18: 15 | K18: 15 | L18: =K18/J18 -> 1 | M18: Tổng có số âm

Sheet LAB5_BAI2
A2: Module Code | B2: LAB5_BAI2 | M2: Pass
A3: Test requirement | M3: Fail
A4: Reference Document | M4: Untesed
A5: % Passed of tests | B5: Pass | C5: Fail | E5: Untested | F5: N/A | G5: Number of Test cases | M5: N/A
A6: =AVERAGE(L:L) -> 1 | B6: =COUNTIF(G10:G994,"Pass") -> 4 | C6: =COUNTIF(G12:G994,"Fail") -> 0 | E6: =G6-F6-C6-B6 -> 0 | F6: =COUNTIF(G12:G994,"N/A") -> 0 | G6: =COUNTA(A10:A994) -> 4
A9: ID | B9: Test Case Description | C9: Test Case Procedure | D9: Test Data | E9: Expected Results | F9: Actual Result | G9: Result | H9: Test date | I9: Tester | J9: Number of tests | K9: Passed | L9: % Passed | M9: Note
A10: =IF(OR(B10<>"",E10<>""),"["&TEXT($B$2,"##")&"-"&TEXT(ROW()-9,"##")&"]","") -> [LAB5_BAI2-1] | B10: Kiểm thử in message gây exception | C10: Gọi printMessage() | D10: message = "Fpoly" | E10: Ném ArithmeticException | F10: Ném ArithmeticException | G10: Pass | H10: 27/01/2026 | I10: Nguyen Tien Dat | J10: 15 | K10: 15 | L10: =K10/J10 -> 1 | M10: Test exception
A11: =IF(OR(B11<>"",E11<>""),"["&TEXT($B$2,"##")&"-"&TEXT(ROW()-9,"##")&"]","") -> [LAB5_BAI2-2] | B11: Kiểm thử in chuỗi "Hi + message" | C11: Gọi printHiMessage() | D11: message = "Fpoly" | E11: "Hi!Fpoly" | F11: "Hi!Fpoly" | G11: Pass | H11: 27/01/2026 | I11: Nguyen Tien Dat | J11: 15 | K11: 15 | L11: =K11/J11 -> 1
A12: =IF(OR(B12<>"",E12<>""),"["&TEXT($B$2,"##")&"-"&TEXT(ROW()-9,"##")&"]","") -> [LAB5_BAI2-3] | B12: Kiểm thử assertEquals chuỗi | C12: So sánh expected & actual | D12: expected="Y", actual="Y" | E12: Pass | F12: Pass | G12: Pass | H12: 27/01/2026 | I12: Nguyen Tien Dat | J12: 15 | K12: 15 | L12: =K12/J12 -> 1 | M12: So sánh chuỗi
A13: =IF(OR(B13<>"",E13<>""),"["&TEXT($B$2,"##")&"-"&TEXT(ROW()-9,"##")&"]","") -> [LAB5_BAI2-4] | B13: Thực thi Test Suite | C13: SuiteTest1 + SuiteTest2 | D13: Chạy JunitTest | G13: Pass | H13: 27/01/2026 | I13: Nguyen Tien Dat | J13: 15 | K13: 15 | L13: =K13/J13 -> 1

Sheet LAB5_BAI3
A2: Module Code | B2: LAB5_BAI3 | M2: Pass
A3: Test requirement | M3: Fail
A4: Reference Document | M4: Untesed
A5: % Passed of tests | B5: Pass | C5: Fail | E5: Untested | F5: N/A | G5: Number of Test cases | M5: N/A
A6: =AVERAGE(L:L) -> 1 | B6: =COUNTIF(G10:G992,"Pass") -> 6 | C6: =COUNTIF(G10:G992,"Fail") -> 0 | E6: =G6-F6-C6-B6 -> 0 | F6: =COUNTIF(G10:G992,"N/A") -> 0 | G6: =COUNTA(A10:A992) -> 6
A9: ID | B9: Test Case Description | C9: Test Case Procedure | D9: Test Data | E9: Expected Results | F9: Actual Result | G9: Result | H9: Test date | I9: Tester | J9: Number of tests | K9: Passed | L9: % Passed | M9: Note
A10: =IF(OR(B10<>"",E10<>""),"["&TEXT($B$2,"##")&"-"&TEXT(ROW()-9,"##")&"]","") -> [LAB5_BAI3-1] | B10: Kiểm tra fixture @Before tạo list đúng dữ liệu ban đầu | C10: 1) @Before chạy tạo list từ defaultData 2) Kiểm tra list.size() và phần tử | D10: defaultData = ["java","junit","testing"] | E10: list.size() = 3 và chứa "java","junit","testing" | F10: size=3, contains all | G10: Pass | H10: 27/01/2026 | I10: Nguyen Tien Dat | J10: 15 | K10: 15 | L10: =K10/J10 -> 1 | M10: Đảm bảo mỗi test độc lập
A11: =IF(OR(B11<>"",E11<>""),"["&TEXT($B$2,"##")&"-"&TEXT(ROW()-9,"##")&"]","") -> [LAB5_BAI3-2] | B11: Thêm phần tử mới → size tăng và list chứa phần tử | C11: 1) Lấy oldSize=list.size() 2) list.add("mockito") 3) assert size/contains/isEmpty | D11: add = "mockito" | E11: size = oldSize + 1, contains "mockito", list không rỗng | G11: Pass | H11: 27/01/2026 | I11: Nguyen Tien Dat | J11: 15 | K11: 15 | L11: =K11/J11 -> 1
A12: =IF(OR(B12<>"",E12<>""),"["&TEXT($B$2,"##")&"-"&TEXT(ROW()-9,"##")&"]","") -> [LAB5_BAI3-3] | B12: Xóa phần tử tồn tại → trả true, size giảm, không còn phần tử | C12: 1) oldSize=list.size() 2.removed=list.remove("junit") 3) assert removed/size/contains | D12: remove = "junit" | E12: removed=true, size=oldSize-1, not contains "junit" | G12: Pass | H12: 27/01/2026 | I12: Nguyen Tien Dat | J12: 15 | K12: 15 | L12: =K12/J12 -> 1
A13: =IF(OR(B13<>"",E13<>""),"["&TEXT($B$2,"##")&"-"&TEXT(ROW()-9,"##")&"]","") -> [LAB5_BAI3-4] | B13: Xóa phần tử không tồn tại → trả false, size không đổi | C13: 1) oldSize=list.size() 2) removed=list.remove("not-exist") 3) assert removed/size | D13: remove="not-exist" | E13: removed=false, size=oldSize | G13: Pass | H13: 27/01/2026 | I13: Nguyen Tien Dat | J13: 15 | K13: 15 | L13: =K13/J13 -> 1
A14: =IF(OR(B14<>"",E14<>""),"["&TEXT($B$2,"##")&"-"&TEXT(ROW()-9,"##")&"]","") -> [LAB5_BAI3-5] | B14: Truy cập index vượt phạm vi → ném exception | C14: 1) Gọi list.get(999) với @Test(expected=IndexOutOfBoundsException.class) | D14: index=999 | E14: Ném IndexOutOfBoundsException | G14: Pass | H14: 27/01/2026 | I14: Nguyen Tien Dat | J14: 15 | K14: 15 | L14: =K14/J14 -> 1
A15: =IF(OR(B15<>"",E15<>""),"["&TEXT($B$2,"##")&"-"&TEXT(ROW()-9,"##")&"]","") -> [LAB5_BAI3-6] | B15: Kiểm thử hiệu năng với timeout: thao tác contains chạy trong thời gian giới hạn | C15: 1) Lặp 10000 lần list.contains("junit") với @Test(timeout=50) | D15: loop=10000, target="junit", timeout=50ms | E15: Test hoàn thành < 50ms (không timeout) | G15: Pass | H15: 27/01/2026 | I15: Nguyen Tien Dat | J15: 15 | K15: 15 | L15: =K15/J15 -> 1

Sheet LAB5_BAI4
A2: Module Code | B2: LAB5_BAI4 | L2: Pass
A3: Test requirement | L3: Fail
A4: Reference Document | L4: Untesed
A5: % Passed of tests | B5: Pass | C5: Fail | D5: Untested | E5: N/A | F5: Number of Test cases | L5: N/A
A6: =AVERAGE(K:K) -> 0.9 | B6: =COUNTIF(F10:F991,"Pass") -> 1 | C6: =COUNTIF(F10:F991,"Fail") -> 0 | D6: =F6-E6-C6-B6 -> 0 | E6: =COUNTIF(F10:F991,"N/A") -> 0 | F6: =COUNTA(A10:A991) -> 1
A9: ID | B9: Test Case Description | C9: Test Case Procedure | D9: Expected Results | E9: Inter-test case Dependence | F9: Result | G9: Test date | H9: Tester | I9: Number of tests | J9: Passed | K9: % Passed | L9: Note
A10: =IF(OR(B10<>"",D10<>""),"["&TEXT($B$2,"##")&"-"&TEXT(ROW()-9,"##")&"]","") -> [LAB5_BAI4-1] | B10: Search Organization, Project, Campaign | C10: 1. Click "Tìm kiếm" bar. 2. Enter value 3. Press "Enter" button on keyboard. | D10: - Application display a list of organizations, projects, campaigns matches the value entered by the user. | F10: Pass | G10: 44672 | H10: DucTMC | I10: 10 | J10: 9 | K10: =J10/I10 -> 0.9

Sheet LAB5_BAI5
A1: Module Code | B1: Admin_UserManagement | L1: Pass
A2: Test requirement | L2: Fail
A3: Reference Document | L3: Untesed
A4: % Passed of tests | B4: Pass | C4: Fail | D4: Untested | E4: N/A | F4: Number of Test cases | L4: N/A
A5: =AVERAGE(K:K) -> 1 | B5: =COUNTIF(F9:F974,"Pass") -> 2 | C5: =COUNTIF(F9:F974,"Fail") -> 0 | D5: =F5-E5-C5-B5 -> 0 | E5: =COUNTIF(F9:F974,"N/A") -> 0 | F5: =COUNTA(A9:A974) -> 2
A8: ID | B8: Test Case Description | C8: Test Case Procedure | D8: Expected Results | E8: Inter-test case Dependence | F8: Result | G8: Test date | H8: Tester | I8: Number of tests | J8: Passed | K8: % Passed | L8: Note
A9: =IF(OR(B9<>"",D9<>""),"["&TEXT($B$1,"##")&"-"&TEXT(ROW()-9,"##")&"]","") -> [Admin_UserManagement-] | B9: Load users list | C9: 1. User selects the "Quản lý người dùng" tab on Conneto Management System | D9: All user using the system is being shown | F9: Pass | G9: 44671 | H9: PhucNM | I9: 10 | J9: 10 | K9: =J9/I9 -> 1
A10: =IF(OR(B10<>"",D10<>""),"["&TEXT($B$1,"##")&"-"&TEXT(ROW()-9,"##")&"]","") -> [Admin_UserManagement-1] | B10: Disable user | C10: 1. User selects the "Quản lý người dùng" tab on Conneto Management System 2.Select the organization want to disable 3.Click button "Vô hiệu hóa" 4.Input the reason for the disable | D10: All user using the system is being shown User chosen is disable | F10: Pass | G10: 44672 | H10: PhucNM | I10: 10 | J10: 10 | K10: =J10/I10 -> 1
